,cross_ROC-AUC,train_jamendo,test_mtat,self_ROC-AUC,train_mtat
ambient,0.94,4185,508,0.96,1340
classical,0.86,3361,699,0.92,3300
dance,0.95,1702,153,0.96,434
drums,0.65,3373,516,0.90,1892
electronic,0.85,10034,496,0.90,1837
guitar,0.87,2915,875,0.93,3469
metal,0.98,809,165,0.99,286
piano,0.94,4194,467,0.96,1491
pop,0.78,4523,196,0.94,744
rock,0.97,3995,564,0.99,1571
strings,0.81,594,394,0.91,2088
techno,0.95,1399,598,0.97,2104
violin,0.89,785,231,0.94,1446
voice,0.64,776,142,0.85,473
