,test_jamendo,train_mtat
ambient,1839,1340
classical,964,3300
dance,520,434
drums,1255,1892
electronic,3525,1837
guitar,806,3469
metal,402,286
piano,1627,1491
pop,1661,744
rock,1371,1571
strings,300,2088
techno,467,2104
violin,377,1446
voice,326,473
